<?xml version="1.0"?>
<root xmlns="urn:schemas-upnp-org:device-1-0" xmlns:sec="http://www.sec.co.kr/dlna" xmlns:dlna="urn:schemas-dlna-org:device-1-0">
  <specVersion>
    <major>1</major>
    <minor>0</minor>
  </specVersion>
  <device>
    <deviceType>urn:dial-multiscreen-org:device:dialreceiver:1</deviceType>
    <friendlyName>[TV] Samsung 7 Series (43)</friendlyName>
    <manufacturer>Samsung Electronics</manufacturer>
    <manufacturerURL>http://www.samsung.com/sec</manufacturerURL>
    <modelDescription>Samsung DTV RCR</modelDescription>
    <modelName>UN43RU7100GXZD</modelName>
    <modelNumber>1.0</modelNumber>
    <modelURL>http://www.samsung.com/sec</modelURL>
    <serialNumber>20090804RCR</serialNumber>
    <UDN>uuid:2c599637-d785-459e-9d50-4f0181a9ee7f</UDN>
    <sec:deviceID>NSNSC5ZTTO2RS</sec:deviceID>
    <sec:ProductCap>Resolution:1920X1080,Tizen,Y2017</sec:ProductCap>
    <serviceList>
      <service>
        <serviceType>urn:dial-multiscreen-org:service:dial:1</serviceType>
        <serviceId>urn:dial-multiscreen-org:serviceId:dial</serviceId>
        <controlURL>/RCR/control/dial</controlURL>
        <eventSubURL>/RCR/event/dial</eventSubURL>
        <SCPDURL>dial.xml</SCPDURL>
      </service>
    </serviceList>
    <sec:Capabilities>
        <sec:Capability name="samsung:multiscreen:1" port="8001" location="/ms/1.0/"/>
    </sec:Capabilities>
  </device>
</root>
