[
    {
        "id": "news-2023",
        "date": "2023-01-30T21:36Z",
        "headline": "2022/2023 Newsletter: Great Year Beginning",
        "icon": "https://darkreader.org/images/news-2023-icon.png"
    },
    {
        "id": "filter-mode",
        "date": "2022-08-25T08:10Z",
        "headline": "How to use Filter Mode as a fallback for problematic websites",
        "icon": "https://darkreader.org/images/filter-blog-icon.png"
    },
    {
        "id": "v5-survey",
        "date": "2022-06-28T16:45Z",
        "headline": "Survey! Please leave us feedback or propose a feature",
        "icon": "https://darkreader.org/images/survey-blog-icon.png"
    },
    {
        "id": "mobile",
        "date": "2022-05-30T14:45Z",
        "headline": "Dark Reader for iOS and Android is available",
        "icon": "https://darkreader.org/images/mobile-blog-icon.png"
    },
    {
        "id": "detect-dark-theme",
        "date": "2022-03-29T16:00Z",
        "headline": "Detecting website's dark theme in version 4.9.47",
        "icon": "https://darkreader.org/images/detector-blog-icon.png"
    },
    {
        "id": "no-war",
        "date": "2022-02-27T09:25Z",
        "headline": "No war! One of our contributors is in the middle of the war in Ukraine"
    },
    {
        "id": "chrome-favorites-2021",
        "date": "2021-12-07T21:05Z",
        "headline": "We are in Chrome Favorites 2021! See all participants"
    },
    {
        "id": "thanks-2021",
        "date": "2021-11-25T23:42Z",
        "headline": "Thanks to these people: a full list"
    },
    {
        "id": "5m-users",
        "date": "2021-10-29T07:35Z",
        "headline": "5,000,000 users! Approaching v5 release"
    },
    {
        "id": "v4-9-16",
        "date": "2020-07-30T10:33Z",
        "headline": "v4.9.16: Theme presets, export generated CSS and more"
    },
    {
        "id": "v4-9",
        "date": "2020-06-26T09:26Z",
        "headline": "v4.9: Huge performance improvements, try version 5 preview"
    },
    {
        "id": "attention",
        "date": "2020-04-15T13:17Z",
        "headline": "ATTENTION! Install Dark Reader only from verified sources"
    },
    {
        "id": "dr-5-announcement",
        "date": "2020-04-07T14:17Z",
        "headline": "Announcing Dark Reader 5"
    },
    {
        "id": "2m-users",
        "date": "2019-11-01T09:07Z",
        "headline": "We have 2,000,000 active users! App stats and plans"
    },
    {
        "id": "automation",
        "date": "2019-09-12T12:13Z",
        "headline": "v4.8: Activate after sunset or use system preferences"
    },
    {
        "id": "product-hunt-golden-kitty-2018",
        "date": "2019-01-13T17:48Z",
        "headline": "Dark Reader got nominated for Product Hunt Lifehack 2018"
    },
    {
        "id": "time-settings",
        "date": "2018-12-06T19:17Z",
        "headline": "v4.7: Time settings, UI and performance improvements"
    },
    {
        "id": "safari",
        "date": "2018-10-10T14:19Z",
        "headline": "Dark Reader for Safari released, Firefox app was featured"
    },
    {
        "id": "500k-users",
        "date": "2018-09-13T14:28Z",
        "headline": "We have 500,000 users! Security issue fixed in Chrome 69"
    },
    {
        "id": "stylish",
        "date": "2018-07-04T15:47Z",
        "headline": "Move your static CSS from Stylish to Dark Reader"
    },
    {
        "id": "product-hunt",
        "date": "2018-06-12T17:09Z",
        "headline": "Dark Reader was featured on Product Hunt, app was translated"
    },
    {
        "id": "custom-site-settings",
        "date": "2018-05-08T16:02Z",
        "headline": "v4.4: Custom site settings, invert iFrames, many Dynamic fixes"
    },
    {
        "id": "thanks-for-contribution",
        "date": "2018-05-02T19:17Z",
        "headline": "Dark Reader raised funds, thanks for your contribution"
    },
    {
        "id": "dynamic-theme",
        "date": "2018-04-23T17:37Z",
        "headline": "Introducing Dynamic Theme mode"
    }
]
